cve_id,cvss_score,severity
CVE-2021-31891,10.0,CRITICAL
CVE-2021-41556,10.0,CRITICAL
CVE-2021-38503,10.0,CRITICAL
CVE-2021-44228,10.0,CRITICAL
CVE-2021-3781,9.9,CRITICAL
CVE-2021-20314,9.8,CRITICAL
CVE-2021-28834,9.8,CRITICAL
CVE-2021-44732,9.8,CRITICAL
CVE-2021-43299,9.8,CRITICAL
CVE-2021-43113,9.8,CRITICAL
CVE-2021-44790,9.8,CRITICAL
CVE-2021-44524,9.8,CRITICAL
CVE-2021-42392,9.8,CRITICAL
CVE-2021-3177,9.8,CRITICAL
CVE-2021-42013,9.8,CRITICAL
CVE-2021-3325,9.8,CRITICAL
CVE-2021-33913,9.8,CRITICAL
CVE-2021-3711,9.8,CRITICAL
CVE-2021-42377,9.8,CRITICAL
CVE-2021-29921,9.8,CRITICAL
CVE-2021-31535,9.8,CRITICAL
CVE-2021-28879,9.8,CRITICAL
CVE-2021-2456,9.8,CRITICAL
CVE-2021-39275,9.8,CRITICAL
CVE-2021-25315,9.8,CRITICAL
CVE-2021-44026,9.8,CRITICAL
CVE-2021-35368,9.8,CRITICAL
CVE-2021-38297,9.8,CRITICAL
CVE-2021-3918,9.8,CRITICAL
CVE-2021-3148,9.8,CRITICAL
CVE-2021-30475,9.8,CRITICAL
CVE-2021-41303,9.8,CRITICAL
CVE-2021-21783,9.8,CRITICAL
CVE-2021-38173,9.8,CRITICAL
CVE-2021-20231,9.8,CRITICAL
CVE-2021-31873,9.8,CRITICAL
CVE-2021-3406,9.8,CRITICAL
CVE-2021-33912,9.8,CRITICAL
CVE-2021-44538,9.8,CRITICAL
CVE-2021-26120,9.8,CRITICAL
CVE-2021-35474,9.8,CRITICAL
CVE-2021-1871,9.8,CRITICAL
CVE-2021-38171,9.8,CRITICAL
CVE-2021-3657,9.8,CRITICAL
CVE-2021-31556,9.8,CRITICAL
CVE-2021-32810,9.8,CRITICAL
CVE-2021-40391,9.8,CRITICAL
CVE-2021-27023,9.8,CRITICAL
CVE-2021-34813,9.8,CRITICAL
CVE-2021-20307,9.8,CRITICAL
CVE-2021-33226,9.8,CRITICAL
CVE-2021-33833,9.8,CRITICAL
CVE-2021-3520,9.8,CRITICAL
CVE-2021-43082,9.8,CRITICAL
CVE-2021-38945,9.8,CRITICAL
CVE-2021-20001,9.8,CRITICAL
CVE-2021-3420,9.8,CRITICAL
CVE-2021-41816,9.8,CRITICAL
CVE-2021-41773,9.8,CRITICAL
CVE-2021-22915,9.8,CRITICAL
CVE-2021-30474,9.8,CRITICAL
CVE-2021-22930,9.8,CRITICAL
CVE-2021-22931,9.8,CRITICAL
CVE-2021-37592,9.8,CRITICAL
CVE-2021-20308,9.8,CRITICAL
CVE-2021-3197,9.8,CRITICAL
CVE-2021-3756,9.8,CRITICAL
CVE-2021-37184,9.8,CRITICAL
CVE-2021-31872,9.8,CRITICAL
CVE-2021-30164,9.8,CRITICAL
CVE-2021-40394,9.8,CRITICAL
CVE-2021-26691,9.8,CRITICAL
CVE-2021-35042,9.8,CRITICAL
CVE-2021-25289,9.8,CRITICAL
CVE-2021-40393,9.8,CRITICAL
CVE-2021-39226,9.8,CRITICAL
CVE-2021-33574,9.8,CRITICAL
CVE-2021-43310,9.8,CRITICAL
CVE-2021-31162,9.8,CRITICAL
CVE-2021-40874,9.8,CRITICAL
CVE-2021-34552,9.8,CRITICAL
CVE-2021-25281,9.8,CRITICAL
CVE-2021-32292,9.8,CRITICAL
CVE-2021-31800,9.8,CRITICAL
CVE-2021-20204,9.8,CRITICAL
CVE-2021-20232,9.8,CRITICAL
CVE-2021-30473,9.8,CRITICAL
CVE-2021-42575,9.8,CRITICAL
CVE-2021-44143,9.8,CRITICAL
CVE-2021-26937,9.8,CRITICAL
CVE-2021-26707,9.8,CRITICAL
CVE-2021-3466,9.8,CRITICAL
CVE-2021-20236,9.8,CRITICAL
CVE-2021-43300,9.8,CRITICAL
CVE-2021-32708,9.8,CRITICAL
CVE-2021-25283,9.8,CRITICAL
CVE-2021-43301,9.8,CRITICAL
CVE-2021-40323,9.8,CRITICAL
CVE-2021-27135,9.8,CRITICAL
CVE-2021-44847,9.8,CRITICAL
CVE-2021-43303,9.8,CRITICAL
CVE-2021-31870,9.8,CRITICAL
CVE-2021-21121,9.6,CRITICAL
CVE-2021-21151,9.6,CRITICAL
CVE-2021-21108,9.6,CRITICAL
CVE-2021-21223,9.6,CRITICAL
CVE-2021-21107,9.6,CRITICAL
CVE-2021-38013,9.6,CRITICAL
CVE-2021-21109,9.6,CRITICAL
CVE-2021-21226,9.6,CRITICAL
CVE-2021-30571,9.6,CRITICAL
CVE-2021-21124,9.6,CRITICAL
CVE-2021-21110,9.6,CRITICAL
CVE-2021-21111,9.6,CRITICAL
CVE-2021-30633,9.6,CRITICAL
CVE-2021-21115,9.6,CRITICAL
CVE-2021-21106,9.6,CRITICAL
CVE-2021-38002,9.6,CRITICAL
CVE-2021-21146,9.6,CRITICAL
CVE-2021-21142,9.6,CRITICAL
CVE-2021-37981,9.6,CRITICAL
CVE-2021-21201,9.6,CRITICAL
CVE-2021-21132,9.6,CRITICAL
CVE-2021-21154,9.6,CRITICAL
CVE-2021-37973,9.6,CRITICAL
CVE-2021-2253,9.1,CRITICAL
CVE-2021-41244,9.1,CRITICAL
CVE-2021-38598,9.1,CRITICAL
CVE-2021-23926,9.1,CRITICAL
CVE-2021-3402,9.1,CRITICAL
CVE-2021-3850,9.1,CRITICAL
CVE-2021-3144,9.1,CRITICAL
CVE-2021-26291,9.1,CRITICAL
CVE-2021-43400,9.1,CRITICAL
CVE-2021-20093,9.1,CRITICAL
CVE-2021-4048,9.1,CRITICAL
CVE-2021-43302,9.1,CRITICAL
CVE-2021-22945,9.1,CRITICAL
CVE-2021-45079,9.1,CRITICAL
CVE-2021-46848,9.1,CRITICAL
CVE-2021-44523,9.1,CRITICAL
CVE-2021-29922,9.1,CRITICAL
CVE-2021-25287,9.1,CRITICAL
CVE-2021-25282,9.1,CRITICAL
CVE-2021-34363,9.1,CRITICAL
CVE-2021-33293,9.1,CRITICAL
CVE-2021-33643,9.1,CRITICAL
CVE-2021-23901,9.1,CRITICAL
CVE-2021-35942,9.1,CRITICAL
CVE-2021-25288,9.1,CRITICAL
CVE-2021-43616,9.0,CRITICAL
CVE-2021-45046,9.0,CRITICAL
CVE-2021-40438,9.0,CRITICAL
CVE-2021-37972,8.8,HIGH
CVE-2021-30515,8.8,HIGH
CVE-2021-21840,8.8,HIGH
CVE-2021-21845,8.8,HIGH
CVE-2021-1487,8.8,HIGH
CVE-2021-37984,8.8,HIGH
CVE-2021-21169,8.8,HIGH
CVE-2021-21834,8.8,HIGH
CVE-2021-30590,8.8,HIGH
CVE-2021-21860,8.8,HIGH
CVE-2021-31982,8.8,HIGH
CVE-2021-35472,8.8,HIGH
CVE-2021-21145,8.8,HIGH
CVE-2021-30858,8.8,HIGH
CVE-2021-30626,8.8,HIGH
CVE-2021-21167,8.8,HIGH
CVE-2021-21835,8.8,HIGH
CVE-2021-30600,8.8,HIGH
CVE-2021-30576,8.8,HIGH
CVE-2021-21856,8.8,HIGH
CVE-2021-21199,8.8,HIGH
CVE-2021-21861,8.8,HIGH
CVE-2021-29745,8.8,HIGH
CVE-2021-21190,8.8,HIGH
CVE-2021-21127,8.8,HIGH
CVE-2021-21779,8.8,HIGH
CVE-2021-32743,8.8,HIGH
CVE-2021-30611,8.8,HIGH
CVE-2021-4063,8.8,HIGH
CVE-2021-21844,8.8,HIGH
CVE-2021-30567,8.8,HIGH
CVE-2021-31439,8.8,HIGH
CVE-2021-21156,8.8,HIGH
CVE-2021-25631,8.8,HIGH
CVE-2021-21148,8.8,HIGH
CVE-2021-30548,8.8,HIGH
CVE-2021-30514,8.8,HIGH
CVE-2021-42072,8.8,HIGH
CVE-2021-28704,8.8,HIGH
CVE-2021-37998,8.8,HIGH
CVE-2021-30513,8.8,HIGH
CVE-2021-30528,8.8,HIGH
CVE-2021-27020,8.8,HIGH
CVE-2021-30527,8.8,HIGH
CVE-2021-37986,8.8,HIGH
CVE-2021-21408,8.8,HIGH
CVE-2021-38007,8.8,HIGH
CVE-2021-4067,8.8,HIGH
CVE-2021-4320,8.8,HIGH
CVE-2021-32688,8.8,HIGH
CVE-2021-21841,8.8,HIGH
CVE-2021-21847,8.8,HIGH
CVE-2021-28708,8.8,HIGH
CVE-2021-27021,8.8,HIGH
CVE-2021-4058,8.8,HIGH
CVE-2021-4079,8.8,HIGH
CVE-2021-30518,8.8,HIGH
CVE-2021-21858,8.8,HIGH
CVE-2021-21114,8.8,HIGH
CVE-2021-21204,8.8,HIGH
CVE-2021-38714,8.8,HIGH
CVE-2021-37985,8.8,HIGH
CVE-2021-30508,8.8,HIGH
CVE-2021-37957,8.8,HIGH
CVE-2021-30628,8.8,HIGH
CVE-2021-30544,8.8,HIGH
CVE-2021-30551,8.8,HIGH
CVE-2021-21224,8.8,HIGH
CVE-2021-21853,8.8,HIGH
CVE-2021-41133,8.8,HIGH
CVE-2021-29679,8.8,HIGH
CVE-2021-30553,8.8,HIGH
CVE-2021-21227,8.8,HIGH
CVE-2021-4318,8.8,HIGH
CVE-2021-30550,8.8,HIGH
CVE-2021-30566,8.8,HIGH
CVE-2021-21849,8.8,HIGH
CVE-2021-37961,8.8,HIGH
CVE-2021-30608,8.8,HIGH
CVE-2021-28710,8.8,HIGH
CVE-2021-30610,8.8,HIGH
CVE-2021-21900,8.8,HIGH
CVE-2021-21193,8.8,HIGH
CVE-2021-27229,8.8,HIGH
CVE-2021-22112,8.8,HIGH
CVE-2021-30581,8.8,HIGH
CVE-2021-21194,8.8,HIGH
CVE-2021-37970,8.8,HIGH
CVE-2021-4099,8.8,HIGH
CVE-2021-30612,8.8,HIGH
CVE-2021-21859,8.8,HIGH
CVE-2021-38017,8.8,HIGH
CVE-2021-29756,8.8,HIGH
CVE-2021-21220,8.8,HIGH
CVE-2021-30546,8.8,HIGH
CVE-2021-30564,8.8,HIGH
CVE-2021-21232,8.8,HIGH
CVE-2021-30609,8.8,HIGH
CVE-2021-33621,8.8,HIGH
CVE-2021-43534,8.8,HIGH
CVE-2021-21213,8.8,HIGH
CVE-2021-4064,8.8,HIGH
CVE-2021-21144,8.8,HIGH
CVE-2021-21180,8.8,HIGH
CVE-2021-30510,8.8,HIGH
CVE-2021-4055,8.8,HIGH
CVE-2021-30520,8.8,HIGH
CVE-2021-38006,8.8,HIGH
CVE-2021-23169,8.8,HIGH
CVE-2021-30523,8.8,HIGH
CVE-2021-21837,8.8,HIGH
CVE-2021-30851,8.8,HIGH
CVE-2021-30578,8.8,HIGH
CVE-2021-30602,8.8,HIGH
CVE-2021-30526,8.8,HIGH
CVE-2021-30545,8.8,HIGH
CVE-2021-21842,8.8,HIGH
CVE-2021-38005,8.8,HIGH
CVE-2021-21203,8.8,HIGH
CVE-2021-21862,8.8,HIGH
CVE-2021-21857,8.8,HIGH
CVE-2021-38001,8.8,HIGH
CVE-2021-3570,8.8,HIGH
CVE-2021-4052,8.8,HIGH
CVE-2021-21149,8.8,HIGH
CVE-2021-21118,8.8,HIGH
CVE-2021-30951,8.8,HIGH
CVE-2021-21116,8.8,HIGH
CVE-2021-30936,8.8,HIGH
CVE-2021-30522,8.8,HIGH
CVE-2021-20076,8.8,HIGH
CVE-2021-23978,8.8,HIGH
CVE-2021-30547,8.8,HIGH
CVE-2021-21843,8.8,HIGH
CVE-2021-30529,8.8,HIGH
CVE-2021-30632,8.8,HIGH
CVE-2021-4053,8.8,HIGH
CVE-2021-38496,8.8,HIGH
CVE-2021-30524,8.8,HIGH
CVE-2021-26995,8.8,HIGH
CVE-2021-21836,8.8,HIGH
CVE-2021-21191,8.8,HIGH
CVE-2021-30953,8.8,HIGH
CVE-2021-30521,8.8,HIGH
CVE-2021-30565,8.8,HIGH
CVE-2021-37975,8.8,HIGH
CVE-2021-30591,8.8,HIGH
CVE-2021-30592,8.8,HIGH
CVE-2021-21162,8.8,HIGH
CVE-2021-21854,8.8,HIGH
CVE-2021-21197,8.8,HIGH
CVE-2021-30509,8.8,HIGH
CVE-2021-21122,8.8,HIGH
CVE-2021-32739,8.8,HIGH
CVE-2021-1788,8.8,HIGH
CVE-2021-37997,8.8,HIGH
CVE-2021-4062,8.8,HIGH
CVE-2021-21850,8.8,HIGH
CVE-2021-4061,8.8,HIGH
CVE-2021-30569,8.8,HIGH
CVE-2021-29472,8.8,HIGH
CVE-2021-38023,8.8,HIGH
CVE-2021-38504,8.8,HIGH
CVE-2021-2137,8.8,HIGH
CVE-2021-30607,8.8,HIGH
CVE-2021-28707,8.8,HIGH
CVE-2021-21225,8.8,HIGH
CVE-2021-30554,8.8,HIGH
CVE-2021-21159,8.8,HIGH
CVE-2021-30624,8.8,HIGH
CVE-2021-21174,8.8,HIGH
CVE-2021-43537,8.8,HIGH
CVE-2021-44657,8.8,HIGH
CVE-2021-21112,8.8,HIGH
CVE-2021-4102,8.8,HIGH
CVE-2021-30552,8.8,HIGH
CVE-2021-30625,8.8,HIGH
CVE-2021-30601,8.8,HIGH
CVE-2021-45341,8.8,HIGH
CVE-2021-4078,8.8,HIGH
CVE-2021-44648,8.8,HIGH
CVE-2021-30574,8.8,HIGH
CVE-2021-38003,8.8,HIGH
CVE-2021-30506,8.8,HIGH
CVE-2021-30934,8.8,HIGH
CVE-2021-21188,8.8,HIGH
CVE-2021-30123,8.8,HIGH
CVE-2021-4100,8.8,HIGH
CVE-2021-30622,8.8,HIGH
CVE-2021-30516,8.8,HIGH
CVE-2021-34748,8.8,HIGH
CVE-2021-21192,8.8,HIGH
CVE-2021-21153,8.8,HIGH
CVE-2021-38008,8.8,HIGH
CVE-2021-43539,8.8,HIGH
CVE-2021-29428,8.8,HIGH
CVE-2021-4066,8.8,HIGH
CVE-2021-3621,8.8,HIGH
CVE-2021-30512,8.8,HIGH
CVE-2021-30613,8.8,HIGH
CVE-2021-30598,8.8,HIGH
CVE-2021-21166,8.8,HIGH
CVE-2021-30606,8.8,HIGH
CVE-2021-37982,8.8,HIGH
CVE-2021-30623,8.8,HIGH
CVE-2021-21855,8.8,HIGH
CVE-2021-21231,8.8,HIGH
CVE-2021-37978,8.8,HIGH
CVE-2021-1362,8.8,HIGH
CVE-2021-1576,8.8,HIGH
CVE-2021-3518,8.8,HIGH
CVE-2021-30558,8.8,HIGH
CVE-2021-30627,8.8,HIGH
CVE-2021-21157,8.8,HIGH
CVE-2021-21152,8.8,HIGH
CVE-2021-30618,8.8,HIGH
CVE-2021-30575,8.8,HIGH
CVE-2021-4322,8.8,HIGH
CVE-2021-4056,8.8,HIGH
CVE-2021-38500,8.8,HIGH
CVE-2021-38014,8.8,HIGH
CVE-2021-30616,8.8,HIGH
CVE-2021-30620,8.8,HIGH
CVE-2021-21119,8.8,HIGH
CVE-2021-21230,8.8,HIGH
CVE-2021-21195,8.8,HIGH
CVE-2021-21838,8.8,HIGH
CVE-2021-30556,8.8,HIGH
CVE-2021-1574,8.8,HIGH
CVE-2021-37959,8.8,HIGH
CVE-2021-43559,8.8,HIGH
CVE-2021-4057,8.8,HIGH
CVE-2021-37974,8.8,HIGH
CVE-2021-21846,8.8,HIGH
CVE-2021-26675,8.8,HIGH
CVE-2021-30519,8.8,HIGH
CVE-2021-43305,8.8,HIGH
CVE-2021-21206,8.8,HIGH
CVE-2021-3738,8.8,HIGH
CVE-2021-37987,8.8,HIGH
CVE-2021-30585,8.8,HIGH
CVE-2021-21160,8.8,HIGH
CVE-2021-30535,8.8,HIGH
CVE-2021-1844,8.8,HIGH
CVE-2021-30572,8.8,HIGH
CVE-2021-37988,8.8,HIGH
CVE-2021-30629,8.8,HIGH
CVE-2021-4112,8.8,HIGH
CVE-2021-21165,8.8,HIGH
CVE-2021-38011,8.8,HIGH
CVE-2021-30579,8.8,HIGH
CVE-2021-33815,8.8,HIGH
CVE-2021-4065,8.8,HIGH
CVE-2021-44142,8.8,HIGH
CVE-2021-30562,8.8,HIGH
CVE-2021-37992,8.8,HIGH
CVE-2021-45960,8.8,HIGH
CVE-2021-30542,8.8,HIGH
CVE-2021-30573,8.8,HIGH
CVE-2021-37956,8.8,HIGH
CVE-2021-30517,8.8,HIGH
CVE-2021-37962,8.8,HIGH
CVE-2021-30599,8.8,HIGH
CVE-2021-37983,8.8,HIGH
CVE-2021-33477,8.8,HIGH
CVE-2021-30604,8.8,HIGH
CVE-2021-21128,8.8,HIGH
CVE-2021-21852,8.8,HIGH
CVE-2021-30559,8.8,HIGH
CVE-2021-30557,8.8,HIGH
CVE-2021-20240,8.8,HIGH
CVE-2021-38016,8.8,HIGH
CVE-2021-30561,8.8,HIGH
CVE-2021-30507,8.8,HIGH
CVE-2021-32765,8.8,HIGH
CVE-2021-21179,8.8,HIGH
CVE-2021-31215,8.8,HIGH
CVE-2021-37993,8.8,HIGH
CVE-2021-3693,8.8,HIGH
CVE-2021-38012,8.8,HIGH
CVE-2021-30614,8.8,HIGH
CVE-2021-30543,8.8,HIGH
CVE-2021-38015,8.8,HIGH
CVE-2021-21851,8.8,HIGH
CVE-2021-21161,8.8,HIGH
CVE-2021-21897,8.8,HIGH
CVE-2021-44227,8.8,HIGH
CVE-2021-30525,8.8,HIGH
CVE-2021-43304,8.8,HIGH
CVE-2021-21214,8.8,HIGH
CVE-2021-21899,8.8,HIGH
CVE-2021-4317,8.8,HIGH
CVE-2021-21898,8.8,HIGH
CVE-2021-21143,8.8,HIGH
CVE-2021-30563,8.8,HIGH
CVE-2021-43535,8.8,HIGH
CVE-2021-30541,8.8,HIGH
CVE-2021-37979,8.8,HIGH
CVE-2021-30555,8.8,HIGH
CVE-2021-21120,8.8,HIGH
CVE-2021-32027,8.8,HIGH
CVE-2021-30568,8.8,HIGH
CVE-2021-21848,8.8,HIGH
CVE-2021-21839,8.8,HIGH
CVE-2021-21113,8.8,HIGH
CVE-2021-30588,8.8,HIGH
CVE-2021-30586,8.8,HIGH
CVE-2021-38886,8.8,HIGH
CVE-2021-30549,8.8,HIGH
CVE-2021-22879,8.8,HIGH
CVE-2021-3246,8.8,HIGH
CVE-2021-37977,8.8,HIGH
CVE-2021-4101,8.8,HIGH
CVE-2021-30530,8.8,HIGH
CVE-2021-4319,8.8,HIGH
CVE-2021-30560,8.8,HIGH
CVE-2021-21138,8.6,HIGH
CVE-2021-40401,8.6,HIGH
CVE-2021-28706,8.6,HIGH
CVE-2021-3517,8.6,HIGH
CVE-2021-21207,8.6,HIGH
CVE-2021-21202,8.6,HIGH
CVE-2021-39147,8.5,HIGH
CVE-2021-39146,8.5,HIGH
CVE-2021-39139,8.5,HIGH
CVE-2021-39149,8.5,HIGH
CVE-2021-39152,8.5,HIGH
CVE-2021-39141,8.5,HIGH
CVE-2021-3682,8.5,HIGH
CVE-2021-39145,8.5,HIGH
CVE-2021-39153,8.5,HIGH
CVE-2021-39154,8.5,HIGH
CVE-2021-30465,8.5,HIGH
CVE-2021-39151,8.5,HIGH
CVE-2021-39144,8.5,HIGH
CVE-2021-39150,8.5,HIGH
CVE-2021-39148,8.5,HIGH
CVE-2021-2063,8.4,HIGH
CVE-2021-2461,8.3,HIGH
CVE-2021-2351,8.3,HIGH
CVE-2021-42574,8.3,HIGH
CVE-2021-42694,8.3,HIGH
CVE-2021-3694,8.2,HIGH
CVE-2021-4120,8.2,HIGH
CVE-2021-39135,8.2,HIGH
CVE-2021-3750,8.2,HIGH
CVE-2021-32804,8.2,HIGH
CVE-2021-43818,8.2,HIGH
CVE-2021-44224,8.2,HIGH
CVE-2021-41116,8.2,HIGH
CVE-2021-41165,8.2,HIGH
CVE-2021-3546,8.2,HIGH
CVE-2021-4206,8.2,HIGH
CVE-2021-39134,8.2,HIGH
CVE-2021-32803,8.2,HIGH
CVE-2021-43860,8.2,HIGH
CVE-2021-41164,8.2,HIGH
CVE-2021-21708,8.2,HIGH
CVE-2021-43845,8.2,HIGH
CVE-2021-32677,8.2,HIGH
CVE-2021-20233,8.2,HIGH
CVE-2021-2015,8.2,HIGH
CVE-2021-2025,8.2,HIGH
CVE-2021-37701,8.2,HIGH
CVE-2021-4207,8.2,HIGH
CVE-2021-31937,8.2,HIGH
CVE-2021-3929,8.2,HIGH
CVE-2021-33741,8.2,HIGH
CVE-2021-2041,8.1,HIGH
CVE-2021-44223,8.1,HIGH
CVE-2021-46143,8.1,HIGH
CVE-2021-30511,8.1,HIGH
CVE-2021-33644,8.1,HIGH
CVE-2021-2071,8.1,HIGH
CVE-2021-25216,8.1,HIGH
CVE-2021-23463,8.1,HIGH
CVE-2021-30536,8.1,HIGH
CVE-2021-2395,8.1,HIGH
CVE-2021-23214,8.1,HIGH
CVE-2021-42388,8.1,HIGH
CVE-2021-26701,8.1,HIGH
CVE-2021-37789,8.1,HIGH
CVE-2021-41072,8.1,HIGH
CVE-2021-21772,8.1,HIGH
CVE-2021-20305,8.1,HIGH
CVE-2021-40153,8.1,HIGH
CVE-2021-29454,8.1,HIGH
CVE-2021-21205,8.1,HIGH
CVE-2021-42387,8.1,HIGH
CVE-2021-38161,8.1,HIGH
CVE-2021-3603,8.1,HIGH
CVE-2021-20190,8.1,HIGH
CVE-2021-21125,8.1,HIGH
CVE-2021-20179,8.1,HIGH
CVE-2021-30593,8.1,HIGH
CVE-2021-3935,8.1,HIGH
CVE-2021-44759,8.1,HIGH
CVE-2021-3968,8.0,HIGH
CVE-2021-42097,8.0,HIGH
CVE-2021-21775,8.0,HIGH
CVE-2021-21300,8.0,HIGH
CVE-2021-43816,8.0,HIGH
CVE-2021-29427,8.0,HIGH
CVE-2021-30577,7.8,HIGH
CVE-2021-41864,7.8,HIGH
CVE-2021-45078,7.8,HIGH
CVE-2021-45444,7.8,HIGH
CVE-2021-39256,7.8,HIGH
CVE-2021-45342,7.8,HIGH
CVE-2021-40570,7.8,HIGH
CVE-2021-39260,7.8,HIGH
CVE-2021-32277,7.8,HIGH
CVE-2021-32439,7.8,HIGH
CVE-2021-42613,7.8,HIGH
CVE-2021-23240,7.8,HIGH
CVE-2021-3974,7.8,HIGH
CVE-2021-36046,7.8,HIGH
CVE-2021-33362,7.8,HIGH
CVE-2021-45417,7.8,HIGH
CVE-2021-32274,7.8,HIGH
CVE-2021-36051,7.8,HIGH
CVE-2021-3928,7.8,HIGH
CVE-2021-3497,7.8,HIGH
CVE-2021-29457,7.8,HIGH
CVE-2021-36770,7.8,HIGH
CVE-2021-39259,7.8,HIGH
CVE-2021-33287,7.8,HIGH
CVE-2021-36055,7.8,HIGH
CVE-2021-39261,7.8,HIGH
CVE-2021-38160,7.8,HIGH
CVE-2021-2464,7.8,HIGH
CVE-2021-21703,7.8,HIGH
CVE-2021-32490,7.8,HIGH
CVE-2021-36064,7.8,HIGH
CVE-2021-33285,7.8,HIGH
CVE-2021-44730,7.8,HIGH
CVE-2021-46829,7.8,HIGH
CVE-2021-4009,7.8,HIGH
CVE-2021-33658,7.8,HIGH
CVE-2021-30184,7.8,HIGH
CVE-2021-45911,7.8,HIGH
CVE-2021-45082,7.8,HIGH
CVE-2021-4034,7.8,HIGH
CVE-2021-3551,7.8,HIGH
CVE-2021-42530,7.8,HIGH
CVE-2021-21117,7.8,HIGH
CVE-2021-30954,7.8,HIGH
CVE-2021-22543,7.8,HIGH
CVE-2021-45910,7.8,HIGH
CVE-2021-35269,7.8,HIGH
CVE-2021-3578,7.8,HIGH
CVE-2021-3516,7.8,HIGH
CVE-2021-42529,7.8,HIGH
CVE-2021-3927,7.8,HIGH
CVE-2021-20264,7.8,HIGH
CVE-2021-45844,7.8,HIGH
CVE-2021-33289,7.8,HIGH
CVE-2021-3624,7.8,HIGH
CVE-2021-3612,7.8,HIGH
CVE-2021-32492,7.8,HIGH
CVE-2021-4008,7.8,HIGH
CVE-2021-0084,7.8,HIGH
CVE-2021-38166,7.8,HIGH
CVE-2021-1502,7.8,HIGH
CVE-2021-35266,7.8,HIGH
CVE-2021-36050,7.8,HIGH
CVE-2021-3410,7.8,HIGH
CVE-2021-1572,7.8,HIGH
CVE-2021-41073,7.8,HIGH
CVE-2021-40571,7.8,HIGH
CVE-2021-3404,7.8,HIGH
CVE-2021-42531,7.8,HIGH
CVE-2021-42612,7.8,HIGH
CVE-2021-43518,7.8,HIGH
CVE-2021-33034,7.8,HIGH
CVE-2021-45463,7.8,HIGH
CVE-2021-46790,7.8,HIGH
CVE-2021-36409,7.8,HIGH
CVE-2021-36412,7.8,HIGH
CVE-2021-28701,7.8,HIGH
CVE-2021-39262,7.8,HIGH
CVE-2021-42771,7.8,HIGH
CVE-2021-26252,7.8,HIGH
CVE-2021-32493,7.8,HIGH
CVE-2021-4192,7.8,HIGH
CVE-2021-4019,7.8,HIGH
CVE-2021-45845,7.8,HIGH
CVE-2021-45907,7.8,HIGH
CVE-2021-28705,7.8,HIGH
CVE-2021-3778,7.8,HIGH
CVE-2021-32136,7.8,HIGH
CVE-2021-36048,7.8,HIGH
CVE-2021-42532,7.8,HIGH
CVE-2021-45908,7.8,HIGH
CVE-2021-31255,7.8,HIGH
CVE-2021-4136,7.8,HIGH
CVE-2021-33909,7.8,HIGH
CVE-2021-27379,7.8,HIGH
CVE-2021-26720,7.8,HIGH
CVE-2021-25321,7.8,HIGH
CVE-2021-30952,7.8,HIGH
CVE-2021-23177,7.8,HIGH
CVE-2021-32273,7.8,HIGH
CVE-2021-39255,7.8,HIGH
CVE-2021-4011,7.8,HIGH
CVE-2021-3498,7.8,HIGH
CVE-2021-31254,7.8,HIGH
CVE-2021-3156,7.8,HIGH
CVE-2021-3717,7.8,HIGH
CVE-2021-4187,7.8,HIGH
CVE-2021-3403,7.8,HIGH
CVE-2021-3760,7.8,HIGH
CVE-2021-32491,7.8,HIGH
CVE-2021-36414,7.8,HIGH
CVE-2021-3575,7.8,HIGH
CVE-2021-35267,7.8,HIGH
CVE-2021-3496,7.8,HIGH
CVE-2021-3973,7.8,HIGH
CVE-2021-31566,7.8,HIGH
CVE-2021-29279,7.8,HIGH
CVE-2021-39847,7.8,HIGH
CVE-2021-36047,7.8,HIGH
CVE-2021-3560,7.8,HIGH
CVE-2021-44537,7.8,HIGH
CVE-2021-3500,7.8,HIGH
CVE-2021-3347,7.8,HIGH
CVE-2021-22118,7.8,HIGH
CVE-2021-43579,7.8,HIGH
CVE-2021-42614,7.8,HIGH
CVE-2021-3903,7.8,HIGH
CVE-2021-39258,7.8,HIGH
CVE-2021-3999,7.8,HIGH
CVE-2021-4173,7.8,HIGH
CVE-2021-28709,7.8,HIGH
CVE-2021-37969,7.8,HIGH
CVE-2021-3472,7.8,HIGH
CVE-2021-4069,7.8,HIGH
CVE-2021-39252,7.8,HIGH
CVE-2021-39254,7.8,HIGH
CVE-2021-43138,7.8,HIGH
CVE-2021-33286,7.8,HIGH
CVE-2021-30499,7.8,HIGH
CVE-2021-36052,7.8,HIGH
CVE-2021-39251,7.8,HIGH
CVE-2021-32278,7.8,HIGH
CVE-2021-34055,7.8,HIGH
CVE-2021-4010,7.8,HIGH
CVE-2021-44731,7.8,HIGH
CVE-2021-30846,7.8,HIGH
CVE-2021-32272,7.8,HIGH
CVE-2021-30500,7.8,HIGH
CVE-2021-35268,7.8,HIGH
CVE-2021-3872,7.8,HIGH
CVE-2021-36417,7.8,HIGH
CVE-2021-3770,7.8,HIGH
CVE-2021-39263,7.8,HIGH
CVE-2021-39253,7.8,HIGH
CVE-2021-45469,7.8,HIGH
CVE-2021-41103,7.8,HIGH
CVE-2021-45909,7.8,HIGH
CVE-2021-28021,7.8,HIGH
CVE-2021-23134,7.8,HIGH
CVE-2021-31607,7.8,HIGH
CVE-2021-30498,7.8,HIGH
CVE-2021-28697,7.8,HIGH
CVE-2021-3984,7.8,HIGH
CVE-2021-26910,7.8,HIGH
CVE-2021-23017,7.7,HIGH
CVE-2021-39201,7.6,HIGH
CVE-2021-32808,7.6,HIGH
CVE-2021-28702,7.6,HIGH
CVE-2021-40324,7.5,HIGH
CVE-2021-45451,7.5,HIGH
CVE-2021-37698,7.5,HIGH
CVE-2021-39928,7.5,HIGH
CVE-2021-45116,7.5,HIGH
CVE-2021-32675,7.5,HIGH
CVE-2021-43859,7.5,HIGH
CVE-2021-33193,7.5,HIGH
CVE-2021-33646,7.5,HIGH
CVE-2021-32862,7.5,HIGH
CVE-2021-37150,7.5,HIGH
CVE-2021-33196,7.5,HIGH
CVE-2021-39920,7.5,HIGH
CVE-2021-31871,7.5,HIGH
CVE-2021-45098,7.5,HIGH
CVE-2021-45290,7.5,HIGH
CVE-2021-45848,7.5,HIGH
CVE-2021-4213,7.5,HIGH
CVE-2021-20312,7.5,HIGH
CVE-2021-37137,7.5,HIGH
CVE-2021-32687,7.5,HIGH
CVE-2021-20313,7.5,HIGH
CVE-2021-41990,7.5,HIGH
CVE-2021-4104,7.5,HIGH
CVE-2021-39925,7.5,HIGH
CVE-2021-43172,7.5,HIGH
CVE-2021-27212,7.5,HIGH
CVE-2021-29424,7.5,HIGH
CVE-2021-2388,7.5,HIGH
CVE-2021-42260,7.5,HIGH
CVE-2021-26712,7.5,HIGH
CVE-2021-29509,7.5,HIGH
CVE-2021-29923,7.5,HIGH
CVE-2021-20272,7.5,HIGH
CVE-2021-3749,7.5,HIGH
CVE-2021-37601,7.5,HIGH
CVE-2021-28676,7.5,HIGH
CVE-2021-45115,7.5,HIGH
CVE-2021-29063,7.5,HIGH
CVE-2021-33560,7.5,HIGH
CVE-2021-41611,7.5,HIGH
CVE-2021-33587,7.5,HIGH
CVE-2021-39929,7.5,HIGH
CVE-2021-3326,7.5,HIGH
CVE-2021-28651,7.5,HIGH
CVE-2021-38291,7.5,HIGH
CVE-2021-26119,7.5,HIGH
CVE-2021-33503,7.5,HIGH
CVE-2021-36386,7.5,HIGH
CVE-2021-26813,7.5,HIGH
CVE-2021-41500,7.5,HIGH
CVE-2021-22883,7.5,HIGH
CVE-2021-40516,7.5,HIGH
CVE-2021-23437,7.5,HIGH
CVE-2021-20270,7.5,HIGH
CVE-2021-4182,7.5,HIGH
CVE-2021-36090,7.5,HIGH
CVE-2021-26717,7.5,HIGH
CVE-2021-28831,7.5,HIGH
CVE-2021-3828,7.5,HIGH
CVE-2021-40325,7.5,HIGH
CVE-2021-29662,7.5,HIGH
CVE-2021-22940,7.5,HIGH
CVE-2021-28677,7.5,HIGH
CVE-2021-32918,7.5,HIGH
CVE-2021-23772,7.5,HIGH
CVE-2021-32628,7.5,HIGH
CVE-2021-35516,7.5,HIGH
CVE-2021-25636,7.5,HIGH
CVE-2021-40839,7.5,HIGH
CVE-2021-32626,7.5,HIGH
CVE-2021-3761,7.5,HIGH
CVE-2021-27219,7.5,HIGH
CVE-2021-36160,7.5,HIGH
CVE-2021-34555,7.5,HIGH
CVE-2021-35515,7.5,HIGH
CVE-2021-41799,7.5,HIGH
CVE-2021-20304,7.5,HIGH
CVE-2021-44040,7.5,HIGH
CVE-2021-41099,7.5,HIGH
CVE-2021-28875,7.5,HIGH
CVE-2021-26996,7.5,HIGH
CVE-2021-0326,7.5,HIGH
CVE-2021-25633,7.5,HIGH
CVE-2021-20228,7.5,HIGH
CVE-2021-27218,7.5,HIGH
CVE-2021-22119,7.5,HIGH
CVE-2021-38296,7.5,HIGH
CVE-2021-28965,7.5,HIGH
CVE-2021-25293,7.5,HIGH
CVE-2021-3839,7.5,HIGH
CVE-2021-22116,7.5,HIGH
CVE-2021-25215,7.5,HIGH
CVE-2021-30468,7.5,HIGH
CVE-2021-44686,7.5,HIGH
CVE-2021-37149,7.5,HIGH
CVE-2021-43618,7.5,HIGH
CVE-2021-22884,7.5,HIGH
CVE-2021-30603,7.5,HIGH
CVE-2021-26296,7.5,HIGH
CVE-2021-35197,7.5,HIGH
CVE-2021-42340,7.5,HIGH
CVE-2021-36377,7.5,HIGH
CVE-2021-27290,7.5,HIGH
CVE-2021-41531,7.5,HIGH
CVE-2021-22946,7.5,HIGH
CVE-2021-46669,7.5,HIGH
CVE-2021-4184,7.5,HIGH
CVE-2021-41991,7.5,HIGH
CVE-2021-34825,7.5,HIGH
CVE-2021-3842,7.5,HIGH
CVE-2021-3530,7.5,HIGH
CVE-2021-3805,7.5,HIGH
CVE-2021-29505,7.5,HIGH
CVE-2021-23192,7.5,HIGH
CVE-2021-3580,7.5,HIGH
CVE-2021-34798,7.5,HIGH
CVE-2021-3803,7.5,HIGH
CVE-2021-1594,7.5,HIGH
CVE-2021-29157,7.5,HIGH
CVE-2021-22696,7.5,HIGH
CVE-2021-27291,7.5,HIGH
CVE-2021-3978,7.5,HIGH
CVE-2021-43798,7.5,HIGH
CVE-2021-3690,7.5,HIGH
CVE-2021-33571,7.5,HIGH
CVE-2021-31863,7.5,HIGH
CVE-2021-43008,7.5,HIGH
CVE-2021-40330,7.5,HIGH
CVE-2021-3905,7.5,HIGH
CVE-2021-4185,7.5,HIGH
CVE-2021-35560,7.5,HIGH
CVE-2021-20299,7.5,HIGH
CVE-2021-21341,7.5,HIGH
CVE-2021-41281,7.5,HIGH
CVE-2021-35583,7.5,HIGH
CVE-2021-41524,7.5,HIGH
CVE-2021-3445,7.5,HIGH
CVE-2021-22569,7.5,HIGH
CVE-2021-21996,7.5,HIGH
CVE-2021-32762,7.5,HIGH
CVE-2021-45450,7.5,HIGH
CVE-2021-27922,7.5,HIGH
CVE-2021-3807,7.5,HIGH
CVE-2021-33645,7.5,HIGH
CVE-2021-30984,7.5,HIGH
CVE-2021-26690,7.5,HIGH
CVE-2021-38512,7.5,HIGH
CVE-2021-31542,7.5,HIGH
CVE-2021-32565,7.5,HIGH
CVE-2021-22902,7.5,HIGH
CVE-2021-4190,7.5,HIGH
CVE-2021-4091,7.5,HIGH
CVE-2021-32625,7.5,HIGH
CVE-2021-30639,7.5,HIGH
CVE-2021-36773,7.5,HIGH
CVE-2021-26117,7.5,HIGH
CVE-2021-21267,7.5,HIGH
CVE-2021-27358,7.5,HIGH
CVE-2021-32567,7.5,HIGH
CVE-2021-3698,7.5,HIGH
CVE-2021-20470,7.5,HIGH
CVE-2021-38155,7.5,HIGH
CVE-2021-29376,7.5,HIGH
CVE-2021-28667,7.5,HIGH
CVE-2021-37991,7.5,HIGH
CVE-2021-20718,7.5,HIGH
CVE-2021-40402,7.5,HIGH
CVE-2021-32740,7.5,HIGH
CVE-2021-32838,7.5,HIGH
CVE-2021-3673,7.5,HIGH
CVE-2021-38604,7.5,HIGH
CVE-2021-25290,7.5,HIGH
CVE-2021-25291,7.5,HIGH
CVE-2021-32751,7.5,HIGH
CVE-2021-27921,7.5,HIGH
CVE-2021-26118,7.5,HIGH
CVE-2021-22880,7.5,HIGH
CVE-2021-28877,7.5,HIGH
CVE-2021-43666,7.5,HIGH
CVE-2021-30130,7.5,HIGH
CVE-2021-33054,7.5,HIGH
CVE-2021-20273,7.5,HIGH
CVE-2021-37148,7.5,HIGH
CVE-2021-41079,7.5,HIGH
CVE-2021-20311,7.5,HIGH
CVE-2021-3737,7.5,HIGH
CVE-2021-31618,7.5,HIGH
CVE-2021-39293,7.5,HIGH
CVE-2021-23840,7.5,HIGH
CVE-2021-41819,7.5,HIGH
CVE-2021-39922,7.5,HIGH
CVE-2021-30163,7.5,HIGH
CVE-2021-1405,7.5,HIGH
CVE-2021-33198,7.5,HIGH
CVE-2021-41771,7.5,HIGH
CVE-2021-40400,7.5,HIGH
CVE-2021-43854,7.5,HIGH
CVE-2021-40346,7.5,HIGH
CVE-2021-27803,7.5,HIGH
CVE-2021-20277,7.5,HIGH
CVE-2021-1723,7.5,HIGH
CVE-2021-43174,7.5,HIGH
CVE-2021-3610,7.5,HIGH
CVE-2021-3859,7.5,HIGH
CVE-2021-38562,7.5,HIGH
CVE-2021-32558,7.5,HIGH
CVE-2021-37147,7.5,HIGH
CVE-2021-39240,7.5,HIGH
CVE-2021-28374,7.5,HIGH
CVE-2021-35063,7.5,HIGH
CVE-2021-39921,7.5,HIGH
CVE-2021-36222,7.5,HIGH
CVE-2021-29477,7.5,HIGH
CVE-2021-28089,7.5,HIGH
CVE-2021-39923,7.5,HIGH
CVE-2021-29625,7.5,HIGH
CVE-2021-33813,7.5,HIGH
CVE-2021-35517,7.5,HIGH
CVE-2021-20275,7.5,HIGH
CVE-2021-22235,7.5,HIGH
CVE-2021-41585,7.5,HIGH
CVE-2021-23450,7.5,HIGH
CVE-2021-27923,7.5,HIGH
CVE-2021-23341,7.5,HIGH
CVE-2021-39926,7.5,HIGH
CVE-2021-43173,7.5,HIGH
CVE-2021-39371,7.5,HIGH
CVE-2021-41772,7.5,HIGH
CVE-2021-20298,7.5,HIGH
CVE-2021-32566,7.5,HIGH
CVE-2021-39242,7.5,HIGH
CVE-2021-3748,7.5,HIGH
CVE-2021-43114,7.5,HIGH
CVE-2021-29421,7.5,HIGH
CVE-2021-32761,7.5,HIGH
CVE-2021-31598,7.5,HIGH
CVE-2021-3480,7.5,HIGH
CVE-2021-33038,7.5,HIGH
CVE-2021-25218,7.5,HIGH
CVE-2021-20181,7.5,HIGH
CVE-2021-27577,7.5,HIGH
CVE-2021-43612,7.5,HIGH
CVE-2021-22904,7.5,HIGH
CVE-2021-44522,7.5,HIGH
CVE-2021-32627,7.5,HIGH
CVE-2021-31292,7.5,HIGH
CVE-2021-32920,7.5,HIGH
CVE-2021-25634,7.5,HIGH
CVE-2021-33582,7.5,HIGH
CVE-2021-20276,7.5,HIGH
CVE-2021-28091,7.5,HIGH
CVE-2021-40690,7.5,HIGH
CVE-2021-32919,7.5,HIGH
CVE-2021-25122,7.5,HIGH
CVE-2021-36369,7.5,HIGH
CVE-2021-33623,7.5,HIGH
CVE-2021-20309,7.5,HIGH
CVE-2021-29478,7.5,HIGH
CVE-2021-28484,7.5,HIGH
CVE-2021-22926,7.5,HIGH
CVE-2021-33194,7.5,HIGH
CVE-2021-28878,7.5,HIGH
CVE-2021-46828,7.5,HIGH
CVE-2021-44716,7.5,HIGH
CVE-2021-46877,7.5,HIGH
CVE-2021-37714,7.5,HIGH
CVE-2021-37136,7.5,HIGH
CVE-2021-20310,7.5,HIGH
CVE-2021-3632,7.5,HIGH
CVE-2021-42717,7.5,HIGH
CVE-2021-27918,7.5,HIGH
CVE-2021-38593,7.5,HIGH
CVE-2021-39924,7.5,HIGH
CVE-2021-22885,7.5,HIGH
CVE-2021-23727,7.5,HIGH
CVE-2021-22222,7.5,HIGH
CVE-2021-20094,7.5,HIGH
CVE-2021-41054,7.5,HIGH
CVE-2021-31684,7.5,HIGH
CVE-2021-41817,7.5,HIGH
CVE-2021-4181,7.5,HIGH
CVE-2021-3713,7.4,HIGH
CVE-2021-42027,7.4,HIGH
CVE-2021-20247,7.4,HIGH
CVE-2021-21198,7.4,HIGH
CVE-2021-3712,7.4,HIGH
CVE-2021-3618,7.4,HIGH
CVE-2021-23961,7.4,HIGH
CVE-2021-32723,7.4,HIGH
CVE-2021-20218,7.4,HIGH
CVE-2021-2219,7.4,HIGH
CVE-2021-21289,7.4,HIGH
CVE-2021-28861,7.4,HIGH
CVE-2021-3907,7.4,HIGH
CVE-2021-3563,7.4,HIGH
CVE-2021-32066,7.4,HIGH
CVE-2021-20322,7.4,HIGH
CVE-2021-0232,7.4,HIGH
CVE-2021-25217,7.4,HIGH
CVE-2021-44531,7.4,HIGH
CVE-2021-3450,7.4,HIGH
CVE-2021-4098,7.4,HIGH
CVE-2021-31204,7.3,HIGH
CVE-2021-44420,7.3,HIGH
CVE-2021-37695,7.3,HIGH
CVE-2021-23440,7.3,HIGH
CVE-2021-37617,7.3,HIGH
CVE-2021-3796,7.3,HIGH
CVE-2021-43804,7.3,HIGH
CVE-2021-21261,7.3,HIGH
CVE-2021-23518,7.3,HIGH
CVE-2021-37706,7.3,HIGH
CVE-2021-33195,7.3,HIGH
CVE-2021-42379,7.2,HIGH
CVE-2021-27928,7.2,HIGH
CVE-2021-2144,7.2,HIGH
CVE-2021-42378,7.2,HIGH
CVE-2021-21311,7.2,HIGH
CVE-2021-23337,7.2,HIGH
CVE-2021-42382,7.2,HIGH
CVE-2021-42384,7.2,HIGH
CVE-2021-42385,7.2,HIGH
CVE-2021-2337,7.2,HIGH
CVE-2021-42380,7.2,HIGH
CVE-2021-42381,7.2,HIGH
CVE-2021-20288,7.2,HIGH
CVE-2021-42383,7.2,HIGH
CVE-2021-21417,7.2,HIGH
CVE-2021-42386,7.2,HIGH
CVE-2021-42716,7.1,HIGH
CVE-2021-3583,7.1,HIGH
CVE-2021-3549,7.1,HIGH
CVE-2021-45972,7.1,HIGH
CVE-2021-1056,7.1,HIGH
CVE-2021-1365,7.1,HIGH
CVE-2021-3561,7.1,HIGH
CVE-2021-4156,7.1,HIGH
CVE-2021-3571,7.1,HIGH
CVE-2021-26926,7.1,HIGH
CVE-2021-3752,7.1,HIGH
CVE-2021-21381,7.1,HIGH
CVE-2021-29390,7.1,HIGH
CVE-2021-0002,7.1,HIGH
CVE-2021-45083,7.1,HIGH
CVE-2021-32610,7.1,HIGH
CVE-2021-1363,7.1,HIGH
CVE-2021-35940,7.1,HIGH
CVE-2021-35610,7.1,HIGH
CVE-2021-29447,7.1,HIGH
CVE-2021-4166,7.1,HIGH
CVE-2021-28692,7.1,HIGH
CVE-2021-28041,7.1,HIGH
CVE-2021-20267,7.1,HIGH
CVE-2021-3697,7.0,HIGH
CVE-2021-40490,7.0,HIGH
CVE-2021-44733,7.0,HIGH
CVE-2021-41617,7.0,HIGH
CVE-2021-20188,7.0,HIGH
CVE-2021-28703,7.0,HIGH
CVE-2021-39713,7.0,HIGH
CVE-2021-3640,7.0,HIGH
CVE-2021-3864,7.0,HIGH
CVE-2021-31799,7.0,HIGH
CVE-2021-20271,7.0,HIGH
CVE-2021-32642,7.0,HIGH
CVE-2021-25329,7.0,HIGH
